topic	tweet_id	tweet_text	class_label
LESA	0	no	1
LESA	1	Yes	1
LESA	2	No	1
LESA	3	No	1
LESA	4	Yes	1
LESA	5	No	1
LESA	6	Yes	1
LESA	7	Yes	1
LESA	8	Yes	1
LESA	9	Yes	1
LESA	10	No	1
LESA	11	No	1
LESA	12	Yes	1
LESA	13	Yes	1
LESA	14	Yes	1
LESA	15	Yes	1
LESA	16	Yes	1
LESA	17	No	1
LESA	18	Yes	1
LESA	19	No	1
LESA	20	Yes	1
LESA	21	Yes	1
LESA	22	No	1
LESA	23	Yes	1
LESA	24	Yes	1
LESA	25	No	1
LESA	26	Yes	1
LESA	27	Yes	1
LESA	28	No	1
LESA	29	Yes	1
LESA	30	Yes	1
LESA	31	Yes	1
LESA	32	Yes	1
LESA	33	Yes	1
LESA	34	Yes	1
LESA	35	No	1
LESA	36	Yes	1
LESA	37	No	1
LESA	38	Yes	1
LESA	39	No.	1
LESA	40	No	1
LESA	41	no	1
LESA	42	Yes	1
LESA	43	No	1
LESA	44	Yes	1
LESA	45	Yes	1
LESA	46	Yes	1
LESA	47	Yes	1
LESA	48	No	1
LESA	49	Yes	1
LESA	50	Yes	1
LESA	51	No	1
LESA	52	No	1
LESA	53	no	1
LESA	54	Yes	1
LESA	55	Yes	1
LESA	56	Yes	1
LESA	57	Yes	1
LESA	58	Yes	1
LESA	59	Yes	1
LESA	60	No	1
LESA	61	Yes	1
LESA	62	Yes	1
LESA	63	Yes	1
LESA	64	yes	1
LESA	65	Yes	1
LESA	66	No	1
LESA	67	No	1
LESA	68	No	1
LESA	69	No	1
LESA	70	No	1
LESA	71	Yes	1
LESA	72	Yes	1
LESA	73	No	1
LESA	74	No	1
LESA	75	Yes	1
LESA	76	Yes	1
LESA	77	Yes	1
LESA	78	No	1
LESA	79	No	1
LESA	80	Yes	1
LESA	81	Yes	1
LESA	82	No	1
LESA	83	Yes	1
LESA	84	No	1
LESA	85	Yes	1
LESA	86	Yes	1
LESA	87	No	1
LESA	88	Yes	1
LESA	89	No	1
LESA	90	No	1
LESA	91	Yes	1
LESA	92	No	1
LESA	93	No	1
LESA	94	No	1
LESA	95	Yes	1
LESA	96	Yes	1
LESA	97	No	1
LESA	98	No	1
LESA	99	Yes	1
LESA	100	No	1
LESA	101	Yes	1
LESA	102	No	1
LESA	103	Yes	1
LESA	104	Yes	1
LESA	105	Yes	1
LESA	106	No	1
LESA	107	No	1
LESA	108	No	1
LESA	109	Yes	1
LESA	110	Yes	1
LESA	111	Yes	1
LESA	112	Yes	1
LESA	113	Yes	1
LESA	114	Yes	1
LESA	115	No	1
LESA	116	Yes	1
LESA	117	Yes	1
LESA	118	Yes	1
LESA	119	No	1
LESA	120	Yes	1
LESA	121	No	1
LESA	122	Yes	1
LESA	123	No	1
LESA	124	No	1
LESA	125	Yes	1
LESA	126	Yes	1
LESA	127	Yes	1
LESA	128	Yes	1
LESA	129	Yes	1
LESA	130	Yes	1
LESA	131	No	1
LESA	132	Yes	1
LESA	133	Yes	1
LESA	134	Yes	1
LESA	135	No	1
LESA	136	Yes	1
LESA	137	No	1
LESA	138	No	1
LESA	139	No	1
LESA	140	Yes	1
LESA	141	Yes	1
LESA	142	Yes	1
LESA	143	Yes	1
LESA	144	Yes	1
LESA	145	No	1
LESA	146	No	1
LESA	147	Yes	1
LESA	148	Yes	1
LESA	149	No	1
LESA	150	Yes	1
LESA	151	Yes	1
LESA	152	No	1
LESA	153	Yes	1
LESA	154	no	1
LESA	155	Yes	1
LESA	156	Yes	1
LESA	157	Yes	1
LESA	158	Yes	1
LESA	159	Yes	1
LESA	160	Yes	1
LESA	161	No	1
LESA	162	Yes	1
LESA	163	Yes	1
LESA	164	Yes	1
LESA	165	No	1
LESA	166	Yes	1
LESA	167	No	1
LESA	168	No	1
LESA	169	No	1
LESA	170	Yes	1
LESA	171	Yes	1
LESA	172	Yes	1
LESA	173	No	1
LESA	174	No	1
LESA	175	Yes	1
LESA	176	Yes	1
LESA	177	Yes	1
LESA	178	No	1
LESA	179	No	1
LESA	180	Yes	1
LESA	181	Yes	1
LESA	182	No	1
LESA	183	Yes	1
LESA	184	Yes	1
LESA	185	No	1
LESA	186	Yes	1
LESA	187	No	1
LESA	188	No	1
LESA	189	No	1
LESA	190	No	1
LESA	191	Yes	1
LESA	192	No	1
LESA	193	No	1
LESA	194	No	1
LESA	195	Yes	1
LESA	196	Yes	1
LESA	197	Yes	1
LESA	198	no	1
LESA	199	Yes	1
LESA	200	Yes	1
LESA	201	Yes	1
LESA	202	Yes	1
LESA	203	Yes	1
LESA	204	Yes	1
LESA	205	No	1
LESA	206	Yes	1
LESA	207	No	1
LESA	208	Yes	1
LESA	209	Yes	1
LESA	210	Yes	1
LESA	211	no	1
LESA	212	Yes	1
LESA	213	Yes	1
LESA	214	Yes	1
LESA	215	Yes	1
LESA	216	No	1
LESA	217	No	1
LESA	218	Yes	1
LESA	219	Yes	1
LESA	220	Yes	1
LESA	221	No	1
LESA	222	Yes	1
LESA	223	Yes	1
LESA	224	No	1
LESA	225	Yes	1
LESA	226	No	1
LESA	227	Yes	1
LESA	228	Yes	1
LESA	229	Yes	1
LESA	230	Yes	1
LESA	231	Yes	1
LESA	232	Yes	1
LESA	233	No	1
LESA	234	Yes	1
LESA	235	Yes	1
LESA	236	Yes	1
LESA	237	no	1
LESA	238	No	1
LESA	239	Yes	1
LESA	240	Yes	1
LESA	241	Yes	1
LESA	242	Yes	1
LESA	243	No	1
LESA	244	Yes	1
LESA	245	No	1
LESA	246	Yes	1
LESA	247	Yes	1
LESA	248	Yes	1
LESA	249	Yes	1
LESA	250	no	1
LESA	251	No	1
LESA	252	Yes	1
LESA	253	No	1
LESA	254	Yes	1
LESA	255	No	1
LESA	256	Yes	1
LESA	257	No	1
LESA	258	Yes	1
LESA	259	Yes	1
LESA	260	Yes	1
LESA	261	No	1
LESA	262	Yes	1
LESA	263	No	1
LESA	264	No	1
LESA	265	no	1
LESA	266	No	1
LESA	267	No	1
LESA	268	No	1
LESA	269	no	1
LESA	270	Yes	1
LESA	271	Yes	1
LESA	272	Yes	1
LESA	273	No	1
LESA	274	Yes	1
LESA	275	Yes	1
LESA	276	No	1
LESA	277	No	1
LESA	278	Yes	1
LESA	279	Yes	1
LESA	280	No	1
LESA	281	Yes	1
LESA	282	Yes	1
LESA	283	No	1
LESA	284	Yes	1
LESA	285	Yes	1
LESA	286	Yes	1
LESA	287	No	1
LESA	288	no	1
LESA	289	No	1
LESA	290	No	1
LESA	291	Yes	1
LESA	292	No	1
LESA	293	Yes	1
LESA	294	Yes	1
LESA	295	No	1
LESA	296	Yes	1
LESA	297	No	1
LESA	298	Yes	1
LESA	299	Yes	1
LESA	300	Yes	1
LESA	301	Yes	1
LESA	302	No	1
LESA	303	Yes	1
LESA	304	Yes	1
LESA	305	No	1
LESA	306	No	1
LESA	307	Yes	1
LESA	308	Yes	1
LESA	309	No	1
LESA	310	Yes	1
LESA	311	Yes	1
LESA	312	Yes	1
LESA	313	Yes	1
LESA	314	no	1
LESA	315	no	1
LESA	316	Yes	1
LESA	317	No	1
LESA	318	No	1
LESA	319	No	1
LESA	320	Yes	1
LESA	321	Yes	1
LESA	322	Yes	1
LESA	323	Yes	1
LESA	324	Yes	1
LESA	325	no	1
LESA	326	Yes	1
LESA	327	No	1
LESA	328	Yes	1
LESA	329	No	1
LESA	330	Yes	1
LESA	331	No	1
LESA	332	No	1
LESA	333	No	1
LESA	334	No	1
LESA	335	Yes	1
LESA	336	Yes	1
LESA	337	No	1
LESA	338	Yes	1
LESA	339	No	1
LESA	340	Yes	1
LESA	341	Yes	1
LESA	342	No	1
LESA	343	Yes	1
LESA	344	Yes	1
LESA	345	No	1
LESA	346	Yes	1
LESA	347	Yes	1
LESA	348	Yes	1
LESA	349	No	1
LESA	350	Yes	1
LESA	351	Yes	1
LESA	352	Yes	1
LESA	353	Yes	1
LESA	354	No	1
LESA	355	Yes	1
LESA	356	No	1
LESA	357	No	1
LESA	358	No	1
LESA	359	No	1
LESA	360	No	1
LESA	361	No	1
LESA	362	Yes	1
LESA	363	Yes	1
LESA	364	no	1
LESA	365	Yes	1
LESA	366	Yes	1
LESA	367	No	1
LESA	368	Yes	1
LESA	369	Yes	1
LESA	370	No	1
LESA	371	No	1
LESA	372	Yes	1
LESA	373	Yes	1
LESA	374	no	1
LESA	375	No	1
LESA	376	Yes	1
LESA	377	Yes	1
LESA	378	Yes	1
LESA	379	Yes	1
LESA	380	Yes	1
LESA	381	Yes	1
LESA	382	Yes	1
LESA	383	No	1
LESA	384	Yes	1
LESA	385	Yes	1
LESA	386	No	1
LESA	387	Yes	1
LESA	388	No	1
LESA	389	No	1
LESA	390	Yes	1
LESA	391	No	1
LESA	392	No	1
LESA	393	No	1
LESA	394	No	1
LESA	395	Yes	1
LESA	396	Yes	1
LESA	397	Yes	1
LESA	398	No	1
LESA	399	No	1
LESA	400	No	1
LESA	401	Yes	1
LESA	402	Yes	1
LESA	403	Yes	1
LESA	404	No	1
LESA	405	Yes	1
LESA	406	Yes	1
LESA	407	No	1
LESA	408	Yes	1
LESA	409	No	1
LESA	410	No	1
LESA	411	Yes	1
LESA	412	Yes	1
LESA	413	Yes	1
LESA	414	Yes	1
LESA	415	No	1
LESA	416	No	1
LESA	417	Yes	1
LESA	418	Yes	1
LESA	419	Yes	1
LESA	420	Yes	1
LESA	421	Yes	1
LESA	422	Yes	1
LESA	423	Yes	1
LESA	424	Yes	1
LESA	425	Yes	1
LESA	426	No	1
LESA	427	Yes	1
LESA	428	No	1
LESA	429	Yes	1
LESA	430	Yes	1
LESA	431	Yes	1
LESA	432	No	1
LESA	433	No	1
LESA	434	No	1
LESA	435	Yes	1
LESA	436	No	1
LESA	437	Yes	1
LESA	438	No	1
LESA	439	No	1
LESA	440	Yes	1
LESA	441	no	1
LESA	442	Yes	1
LESA	443	Yes	1
LESA	444	no	1
LESA	445	Yes	1
LESA	446	Yes	1
LESA	447	Yes	1
LESA	448	Yes	1
LESA	449	No	1
LESA	450	Yes	1
LESA	451	No	1
LESA	452	Yes	1
LESA	453	Yes	1
LESA	454	Yes	1
LESA	455	No	1
LESA	456	Yes	1
LESA	457	No	1
LESA	458	No	1
LESA	459	Yes	1
LESA	460	no	1
LESA	461	Yes	1
LESA	462	Yes	1
LESA	463	Yes	1
LESA	464	Yes	1
LESA	465	Yes	1
LESA	466	Yes	1
LESA	467	Yes	1
LESA	468	Yes	1
LESA	469	Yes	1
LESA	470	No	1
LESA	471	Yes	1
LESA	472	Yes	1
LESA	473	Yes	1
LESA	474	Yes	1
LESA	475	Yes	1
LESA	476	Yes	1
LESA	477	No	1
LESA	478	no	1
LESA	479	No	1
LESA	480	no	1
LESA	481	Yes	1
LESA	482	No.	1
LESA	483	No	1
LESA	484	Yes	1
LESA	485	No	1
LESA	486	No	1
LESA	487	no	1
LESA	488	Yes	1
LESA	489	Yes	1
LESA	490	Yes	1
LESA	491	Yes	1
LESA	492	No	1
LESA	493	No	1
LESA	494	No	1
LESA	495	Yes	1
LESA	496	No	1
LESA	497	No	1
LESA	498	Yes	1
LESA	499	Yes	1
LESA	500	Yes	1
LESA	501	Yes	1
LESA	502	Yes	1
LESA	503	Yes	1
LESA	504	No	1
LESA	505	No	1
LESA	506	Yes	1
LESA	507	No	1
LESA	508	No	1
LESA	509	Yes	1
LESA	510	No	1
LESA	511	No	1
LESA	512	Yes	1
LESA	513	Yes	1
LESA	514	No	1
LESA	515	Yes	1
LESA	516	No	1
LESA	517	Yes	1
LESA	518	Yes	1
LESA	519	No	1
LESA	520	Yes	1
LESA	521	Yes	1
LESA	522	No	1
LESA	523	Yes	1
LESA	524	No	1
LESA	525	Yes	1
LESA	526	Yes	1
LESA	527	Yes	1
LESA	528	No	1
LESA	529	Yes	1
LESA	530	Yes	1
LESA	531	Yes	1
LESA	532	Yes	1
LESA	533	Yes	1
LESA	534	No	1
LESA	535	Yes	1
LESA	536	Yes	1
LESA	537	Yes	1
LESA	538	Yes	1
LESA	539	Yes	1
LESA	540	Yes	1
LESA	541	Yes	1
LESA	542	No	1
LESA	543	No	1
LESA	544	No	1
LESA	545	Yes	1
LESA	546	Yes	1
LESA	547	No	1
LESA	548	Yes	1
LESA	549	Yes	1
LESA	550	No	1
LESA	551	No	1
LESA	552	Yes	1
LESA	553	Yes	1
LESA	554	Yes	1
LESA	555	Yes	1
LESA	556	No	1
LESA	557	Yes	1
LESA	558	No	1
LESA	559	No	1
LESA	560	Yes	1
LESA	561	Yes	1
LESA	562	Yes	1
LESA	563	No	1
LESA	564	No	1
LESA	565	Yes	1
LESA	566	Yes	1
LESA	567	Yes	1
LESA	568	No	1
LESA	569	No	1
LESA	570	Yes	1
LESA	571	Yes	1
LESA	572	No	1
LESA	573	Yes	1
LESA	574	No	1
LESA	575	Yes	1
LESA	576	Yes	1
LESA	577	No	1
LESA	578	no	1
LESA	579	Yes	1
LESA	580	No	1
LESA	581	Yes	1
LESA	582	No	1
LESA	583	No	1
LESA	584	Yes	1
LESA	585	No	1
LESA	586	Yes	1
LESA	587	Yes	1
LESA	588	Yes	1
LESA	589	Yes	1
LESA	590	No	1
LESA	591	Yes	1
LESA	592	Yes	1
LESA	593	No	1
LESA	594	No	1
LESA	595	No	1
LESA	596	Yes	1
LESA	597	No	1
LESA	598	Yes	1
LESA	599	Yes	1
LESA	600	No	1
LESA	601	No	1
LESA	602	Yes	1
LESA	603	Yes	1
LESA	604	No	1
LESA	605	Yes	1
LESA	606	No	1
LESA	607	No	1
LESA	608	no	1
LESA	609	Yes	1
LESA	610	No	1
LESA	611	Yes	1
LESA	612	Yes	1
LESA	613	Yes	1
LESA	614	Yes	1
LESA	615	Yes	1
LESA	616	Yes	1
LESA	617	No	1
LESA	618	No	1
LESA	619	No	1
LESA	620	Yes	1
LESA	621	Yes	1
LESA	622	Yes	1
LESA	623	No	1
LESA	624	Yes	1
LESA	625	Yes	1
LESA	626	No	1
LESA	627	yes	1
LESA	628	Yes	1
LESA	629	no	1
LESA	630	No	1
LESA	631	Yes	1
LESA	632	Yes	1
LESA	633	Yes	1
LESA	634	Yes	1
LESA	635	Yes	1
LESA	636	No	1
LESA	637	No	1
LESA	638	Yes	1
LESA	639	Yes	1
LESA	640	Yes	1
LESA	641	Yes	1
LESA	642	Yes	1
LESA	643	No	1
LESA	644	Yes	1
LESA	645	Yes	1
LESA	646	Yes	1
LESA	647	No	1
LESA	648	No	1
LESA	649	No	1
LESA	650	No	1
LESA	651	Yes	1
LESA	652	no	1
LESA	653	yes	1
LESA	654	Yes	1
LESA	655	Yes	1
LESA	656	Yes	1
LESA	657	Yes	1
LESA	658	No	1
LESA	659	Yes	1
LESA	660	Yes	1
LESA	661	Yes	1
LESA	662	Yes	1
LESA	663	Yes	1
LESA	664	Yes	1
LESA	665	Yes	1
LESA	666	No	1
LESA	667	Yes	1
LESA	668	Yes	1
LESA	669	No	1
LESA	670	Yes	1
LESA	671	Yes	1
LESA	672	Yes	1
LESA	673	Yes	1
LESA	674	Yes	1
LESA	675	No	1
LESA	676	no	1
LESA	677	No	1
LESA	678	No	1
LESA	679	No	1
LESA	680	Yes	1
LESA	681	No	1
LESA	682	Yes	1
LESA	683	No	1
LESA	684	Yes	1
LESA	685	Yes	1
LESA	686	No	1
LESA	687	Yes	1
LESA	688	Yes	1
LESA	689	No	1
LESA	690	Yes	1
LESA	691	Yes	1
LESA	692	Yes	1
LESA	693	Yes	1
LESA	694	Yes	1
LESA	695	Yes	1
LESA	696	Yes	1
LESA	697	Yes	1
LESA	698	No	1
LESA	699	Yes	1
LESA	700	no	1
LESA	701	No	1
LESA	702	Yes	1
LESA	703	No	1
LESA	704	Yes	1
LESA	705	no	1
LESA	706	Yes	1
LESA	707	Yes	1
LESA	708	Yes	1
LESA	709	Yes	1
LESA	710	Yes	1
LESA	711	Yes	1
LESA	712	Yes	1
LESA	713	Yes	1
LESA	714	Yes	1
LESA	715	No	1
LESA	716	No	1
LESA	717	Yes	1
LESA	718	Yes	1
LESA	719	Yes	1
LESA	720	Yes	1
LESA	721	Yes	1
LESA	722	No	1
LESA	723	Yes	1
LESA	724	no	1
LESA	725	Yes	1
LESA	726	No	1
LESA	727	Yes	1
LESA	728	Yes	1
LESA	729	No	1
LESA	730	Yes	1
LESA	731	Yes	1
LESA	732	yes	1
LESA	733	No	1
LESA	734	no	1
LESA	735	Yes	1
LESA	736	Yes	1
LESA	737	Yes	1
LESA	738	Yes	1
LESA	739	Yes	1
LESA	740	Yes	1
LESA	741	Yes	1
LESA	742	No	1
LESA	743	Yes	1
LESA	744	Yes	1
LESA	745	Yes	1
LESA	746	No	1
LESA	747	No	1
LESA	748	No	1
LESA	749	No	1
LESA	750	Yes	1
LESA	751	No	1
LESA	752	No	1
LESA	753	Yes	1
LESA	754	Yes	1
LESA	755	Yes	1
LESA	756	Yes	1
LESA	757	Yes	1
LESA	758	Yes	1
LESA	759	Yes	1
LESA	760	Yes	1
LESA	761	Yes	1
LESA	762	No	1
LESA	763	No	1
LESA	764	no	1
LESA	765	No	1
LESA	766	Yes	1
LESA	767	No	1
LESA	768	Yes	1
LESA	769	No	1
LESA	770	No	1
LESA	771	Yes	1
LESA	772	Yes	1
LESA	773	Yes	1
LESA	774	No	1
LESA	775	Yes	1
LESA	776	Yes	1
LESA	777	No	1
LESA	778	No	1
LESA	779	Yes	1
LESA	780	No	1
LESA	781	Yes	1
LESA	782	no	1
LESA	783	Yes	1
LESA	784	No	1
LESA	785	No	1
LESA	786	Yes	1
LESA	787	Yes	1
LESA	788	Yes	1
LESA	789	Yes	1
LESA	790	Yes	1
LESA	791	Yes	1
LESA	792	Yes	1
LESA	793	Yes	1
LESA	794	No	1
LESA	795	Yes	1
LESA	796	Yes	1
LESA	797	Yes	1
LESA	798	Yes	1
LESA	799	No	1
LESA	800	No	1
LESA	801	No	1
LESA	802	No	1
LESA	803	No	1
LESA	804	Yes	1
LESA	805	Yes	1
LESA	806	No	1
LESA	807	No	1
LESA	808	Yes	1
LESA	809	no	1
LESA	810	Yes	1
LESA	811	Yes	1
LESA	812	No	1
LESA	813	No	1
LESA	814	No	1
LESA	815	No	1
LESA	816	Yes	1
LESA	817	Yes	1
LESA	818	Yes	1
LESA	819	Yes	1
LESA	820	No	1
LESA	821	No	1
LESA	822	No	1
LESA	823	No	1
LESA	824	No	1
LESA	825	Yes	1
LESA	826	Yes	1
LESA	827	No	1
LESA	828	Yes	1
LESA	829	Yes	1
LESA	830	Yes	1
LESA	831	Yes	1
LESA	832	No	1
LESA	833	No	1
LESA	834	Yes	1
LESA	835	Yes	1
LESA	836	Yes	1
LESA	837	Yes	1
LESA	838	No	1
LESA	839	No	1
LESA	840	Yes	1
LESA	841	No	1
LESA	842	No	1
LESA	843	No	1
LESA	844	Yes	1
LESA	845	No	1
LESA	846	Yes	1
LESA	847	Yes	1
LESA	848	No	1
LESA	849	No	1
LESA	850	No	1
LESA	851	Yes	1
LESA	852	Yes	1
LESA	853	no	1
LESA	854	Yes	1
LESA	855	Yes	1
LESA	856	Yes	1
LESA	857	Yes	1
LESA	858	No	1
LESA	859	No	1
LESA	860	No	1
LESA	861	Yes	1
LESA	862	Yes	1
LESA	863	Yes	1
LESA	864	No	1
LESA	865	No	1
LESA	866	No	1
LESA	867	Yes	1
LESA	868	Yes	1
LESA	869	Yes	1
LESA	870	No	1
LESA	871	Yes	1
LESA	872	Yes	1
LESA	873	No	1
LESA	874	No	1
LESA	875	No	1
LESA	876	Yes	1
LESA	877	Yes	1
LESA	878	No	1
LESA	879	Yes	1
LESA	880	Yes	1
LESA	881	Yes	1
LESA	882	No	1
LESA	883	Yes	1
LESA	884	No	1
LESA	885	No	1
LESA	886	Yes	1
LESA	887	Yes	1
LESA	888	Yes	1
LESA	889	Yes	1
LESA	890	No	1
LESA	891	Yes	1
LESA	892	No	1
LESA	893	Yes	1
LESA	894	Yes	1
LESA	895	No	1
LESA	896	Yes	1
LESA	897	Yes	1
LESA	898	No	1
LESA	899	Yes	1
LESA	900	no	1
LESA	901	No	1
LESA	902	Yes	1
LESA	903	Yes	1
LESA	904	Yes	1
LESA	905	Yes	1
LESA	906	No	1
LESA	907	Yes	1
LESA	908	No	1
LESA	909	No	1
LESA	910	Yes	1
LESA	911	No	1
LESA	912	Yes	1
LESA	913	No	1
LESA	914	Yes	1
LESA	915	Yes	1
LESA	916	No	1
LESA	917	Yes	1
LESA	918	Yes	1
LESA	919	No	1
LESA	920	Yes	1
LESA	921	Yes	1
LESA	922	Yes	1
LESA	923	No	1
LESA	924	Yes	1
LESA	925	Yes	1
LESA	926	No	1
LESA	927	Yes	1
LESA	928	No	1
LESA	929	Yes	1
LESA	930	no	1
LESA	931	Yes	1
LESA	932	No	1
LESA	933	Yes	1
LESA	934	No	1
LESA	935	Yes	1
LESA	936	No	1
LESA	937	No	1
LESA	938	Yes	1
LESA	939	No	1
LESA	940	Yes	1
LESA	941	No	1
LESA	942	Yes	1
LESA	943	Yes	1
LESA	944	Yes	1
LESA	945	Yes	1
LESA	946	Yes	1
LESA	947	no	1
LESA	948	Yes	1
LESA	949	Yes	1
LESA	950	No	1
LESA	951	Yes	1
LESA	952	No	1
LESA	953	Yes	1
LESA	954	Yes	1
LESA	955	No	1
LESA	956	Yes	1
LESA	957	No	1
LESA	958	Yes	1
LESA	959	Yes	1
LESA	960	No	1
LESA	961	Yes	1
LESA	962	Yes	1
LESA	963	Yes	1
LESA	964	No	1
LESA	965	Yes	1
LESA	966	Yes	1
LESA	967	Yes	1
LESA	968	Yes	1
LESA	969	No	1
LESA	970	No	1
LESA	971	Yes	1
LESA	972	No	1
LESA	973	Yes	1
LESA	974	no	1
LESA	975	Yes	1
LESA	976	Yes	1
LESA	977	No	1
LESA	978	No	1
LESA	979	No	1
LESA	980	Yes	1
LESA	981	no	1
LESA	982	no	1
LESA	983	Yes	1
LESA	984	No	1
LESA	985	Yes	1
LESA	986	No	1
LESA	987	No	1
LESA	988	Yes	1
LESA	989	No	1
LESA	990	Yes	1
LESA	991	Yes	1
LESA	992	No	1
LESA	993	No	1
LESA	994	Yes	1
LESA	995	Yes	1
LESA	996	Yes	1
LESA	997	Yes	1
LESA	998	Yes	1
LESA	999	No	1
LESA	1000	No	1
LESA	1001	No	1
LESA	1002	no	1
LESA	1003	Yes	1
LESA	1004	Yes	1
LESA	1005	Yes	1
LESA	1006	Yes	1
LESA	1007	Yes	1
LESA	1008	No	1
LESA	1009	Yes	1
LESA	1010	Yes	1
LESA	1011	No	1
LESA	1012	No	1
LESA	1013	Yes	1
LESA	1014	Yes	1
LESA	1015	Yes	1
LESA	1016	Yes	1
LESA	1017	No	1
LESA	1018	Yes	1
LESA	1019	Yes	1
LESA	1020	Yes	1
LESA	1021	Yes	1
LESA	1022	Yes	1
LESA	1023	Yes	1
LESA	1024	Yes	1
LESA	1025	Yes	1
LESA	1026	No	1
LESA	1027	Yes	1
LESA	1028	Yes	1
LESA	1029	Yes	1
LESA	1030	Yes	1
LESA	1031	Yes	1
LESA	1032	No	1
LESA	1033	Yes	1
LESA	1034	No	1
LESA	1035	Yes	1
LESA	1036	No	1
LESA	1037	Yes	1
LESA	1038	Yes	1
LESA	1039	No	1
LESA	1040	Yes	1
LESA	1041	Yes	1
LESA	1042	Yes	1
LESA	1043	No	1
LESA	1044	No	1
LESA	1045	No	1
LESA	1046	Yes	1
LESA	1047	Yes	1
LESA	1048	Yes	1
LESA	1049	Yes	1
LESA	1050	Yes	1
LESA	1051	No	1
LESA	1052	No	1
LESA	1053	Yes	1
LESA	1054	Yes	1
LESA	1055	Yes	1
LESA	1056	No	1
LESA	1057	no	1
LESA	1058	No	1
LESA	1059	Yes	1
LESA	1060	Yes	1
LESA	1061	Yes	1
LESA	1062	No	1
LESA	1063	No	1
LESA	1064	Yes	1
LESA	1065	No	1
LESA	1066	No	1
LESA	1067	No	1
LESA	1068	No	1
LESA	1069	Yes	1
LESA	1070	No	1
LESA	1071	No	1
LESA	1072	Yes	1
LESA	1073	Yes	1
LESA	1074	No	0
LESA	1075	No	0
LESA	1076	No	0
LESA	1077	Yes	0
LESA	1078	No	0
LESA	1079	No	0
LESA	1080	No	0
LESA	1081	No	0
LESA	1082	no	0
LESA	1083	No	0
LESA	1084	No	0
LESA	1085	No	0
LESA	1086	No	0
LESA	1087	No	0
LESA	1088	Yes	0
LESA	1089	Yes	0
LESA	1090	Yes	0
LESA	1091	No	0
LESA	1092	No	0
LESA	1093	No	0
LESA	1094	No	0
LESA	1095	Yes	0
LESA	1096	Yes	0
LESA	1097	No	0
LESA	1098	No	0
LESA	1099	No	0
LESA	1100	No	0
LESA	1101	No	0
LESA	1102	No	0
LESA	1103	No	0
LESA	1104	No	0
LESA	1105	No	0
LESA	1106	No	0
LESA	1107	No	0
LESA	1108	No	0
LESA	1109	Yes	0
LESA	1110	Yes	0
LESA	1111	No	0
LESA	1112	Yes	0
LESA	1113	No	0
LESA	1114	No	0
LESA	1115	No	0
LESA	1116	Yes	0
LESA	1117	No	0
LESA	1118	Yes	0
LESA	1119	No	0
LESA	1120	No	0
LESA	1121	Yes	0
LESA	1122	Yes	0
LESA	1123	No	0
LESA	1124	No	0
LESA	1125	No	0
LESA	1126	Yes	0
LESA	1127	Yes	0
LESA	1128	No	0
LESA	1129	No	0
LESA	1130	No	0
LESA	1131	Yes	0
LESA	1132	No	0
LESA	1133	Yes	0
LESA	1134	No	0
LESA	1135	Yes	0
LESA	1136	No	0
LESA	1137	No	0
LESA	1138	Yes	0
LESA	1139	Yes	0
LESA	1140	No	0
LESA	1141	Yes	0
LESA	1142	Yes	0
LESA	1143	No	0
LESA	1144	No	0
LESA	1145	No	0
LESA	1146	Yes	0
LESA	1147	Yes	0
LESA	1148	No	0
LESA	1149	No	0
LESA	1150	Yes	0
LESA	1151	Yes	0
LESA	1152	Yes	0
LESA	1153	No	0
LESA	1154	Yes	0
LESA	1155	No	0
LESA	1156	No	0
LESA	1157	No	0
LESA	1158	No	0
LESA	1159	Yes	0
LESA	1160	No	0
LESA	1161	Yes	0
LESA	1162	Yes	0
LESA	1163	Yes	0
LESA	1164	No	0
LESA	1165	No	0
LESA	1166	No	0
LESA	1167	no	0
LESA	1168	Yes	0
LESA	1169	No	0
LESA	1170	Yes	0
LESA	1171	Yes	0
LESA	1172	Yes	0
LESA	1173	No	0
LESA	1174	No	0
LESA	1175	No	0
LESA	1176	No	0
LESA	1177	No	0
LESA	1178	No	0
LESA	1179	No	0
LESA	1180	No	0
LESA	1181	Yes	0
LESA	1182	Yes	0
LESA	1183	No	0
LESA	1184	No	0
LESA	1185	Yes	0
LESA	1186	No	0
LESA	1187	Yes	0
LESA	1188	Yes	0
LESA	1189	No	0
LESA	1190	Yes	0
LESA	1191	No	0
LESA	1192	No	0
LESA	1193	Yes	0
LESA	1194	No	0
LESA	1195	No	0
LESA	1196	No	0
LESA	1197	No	0
LESA	1198	No	0
LESA	1199	Yes	0
LESA	1200	No	0
LESA	1201	No	0
LESA	1202	Yes	0
LESA	1203	No	0
LESA	1204	No	0
LESA	1205	No	0
LESA	1206	Yes	0
LESA	1207	No	0
LESA	1208	Yes	0
LESA	1209	No	0
LESA	1210	Yes	0
LESA	1211	Yes	0
LESA	1212	No	0
LESA	1213	No	0
LESA	1214	No	0
LESA	1215	no	0
LESA	1216	No	0
LESA	1217	No	0
LESA	1218	No	0
LESA	1219	Yes	0
LESA	1220	No	0
LESA	1221	Yes	0
LESA	1222	No	0
LESA	1223	No	0
LESA	1224	No	0
LESA	1225	Yes	0
LESA	1226	No	0
LESA	1227	Yes	0
LESA	1228	Yes	0
LESA	1229	Yes	0
LESA	1230	No	0
LESA	1231	No	0
LESA	1232	No	0
LESA	1233	No	0
LESA	1234	Yes	0
LESA	1235	No	0
LESA	1236	No	0
LESA	1237	No	0
LESA	1238	No	0
LESA	1239	Yes	0
LESA	1240	No	0
LESA	1241	No	0
LESA	1242	Yes	0
LESA	1243	No	0
LESA	1244	No	0
LESA	1245	Yes	0
LESA	1246	no	0
LESA	1247	Yes	0
LESA	1248	No	0
LESA	1249	Yes	0
LESA	1250	Yes	0
LESA	1251	No	0
LESA	1252	No	0
LESA	1253	No	0
LESA	1254	No	0
LESA	1255	No	0
LESA	1256	No	0
LESA	1257	No	0
LESA	1258	No	0
LESA	1259	no	0
LESA	1260	Yes	0
LESA	1261	No	0
LESA	1262	No	0
LESA	1263	No	0
LESA	1264	No	0
LESA	1265	No	0
LESA	1266	No	0
LESA	1267	No	0
LESA	1268	No	0
LESA	1269	No	0
LESA	1270	No	0
LESA	1271	No	0
LESA	1272	No	0
LESA	1273	Yes	0
LESA	1274	No	0
LESA	1275	Yes	0
LESA	1276	No	0
LESA	1277	No	0
LESA	1278	Yes	0
LESA	1279	No	0
LESA	1280	No	0
LESA	1281	No	0
LESA	1282	No	0
LESA	1283	No	0
LESA	1284	No	0
LESA	1285	No	0
LESA	1286	No	0
LESA	1287	Yes	0
LESA	1288	no	0
LESA	1289	Yes	0
LESA	1290	No	0
LESA	1291	No	0
LESA	1292	Yes	0
LESA	1293	No	0
LESA	1294	No	0
LESA	1295	Yes	0
LESA	1296	No	0
LESA	1297	Yes	0
LESA	1298	No	0
LESA	1299	No	0
LESA	1300	Yes	0
LESA	1301	Yes	0
LESA	1302	No	0
LESA	1303	Yes	0
LESA	1304	No	0
LESA	1305	No	0
LESA	1306	No	0
LESA	1307	Yes	0
LESA	1308	Yes	0
LESA	1309	No	0
LESA	1310	Yes	0
LESA	1311	No	0
LESA	1312	No	0
LESA	1313	Yes	0
LESA	1314	Yes	0
LESA	1315	No	0
LESA	1316	No	0
LESA	1317	no	0
LESA	1318	No	0
LESA	1319	No	0
LESA	1320	no	0
LESA	1321	No	0
LESA	1322	No	0
LESA	1323	Yes	0
LESA	1324	Yes	0
LESA	1325	No	0
LESA	1326	No	0
LESA	1327	No	0
LESA	1328	No	0
LESA	1329	No	0
LESA	1330	No	0
LESA	1331	No	0
LESA	1332	No	0
LESA	1333	No	0
LESA	1334	No	0
LESA	1335	No	0
LESA	1336	No	0
LESA	1337	No	0
LESA	1338	No	0
LESA	1339	Yes	0
LESA	1340	Yes	0
LESA	1341	no	0
LESA	1342	Yes	0
LESA	1343	No	0
LESA	1344	No	0
LESA	1345	No	0
LESA	1346	No	0
LESA	1347	Yes	0
LESA	1348	Yes	0
LESA	1349	Yes	0
LESA	1350	No	0
LESA	1351	No	0
LESA	1352	No	0
LESA	1353	No	0
LESA	1354	Yes	0
LESA	1355	No	0
LESA	1356	No	0
LESA	1357	No	0
LESA	1358	Yes	0
LESA	1359	No	0
LESA	1360	No	0
LESA	1361	No	0
LESA	1362	Yes	0
LESA	1363	Yes	0
LESA	1364	Yes	0
LESA	1365	No	0
LESA	1366	No	0
LESA	1367	No	0
LESA	1368	No	0
LESA	1369	No	0
LESA	1370	No	0
LESA	1371	Yes	0
LESA	1372	No	0
LESA	1373	No	0
LESA	1374	No	0
LESA	1375	No	0
LESA	1376	No	0
LESA	1377	Yes	0
LESA	1378	No	0
LESA	1379	No	0
LESA	1380	Yes	0
LESA	1381	Yes	0
LESA	1382	No	0
LESA	1383	No	0
LESA	1384	No	0
LESA	1385	Yes	0
LESA	1386	No	0
LESA	1387	no	0
LESA	1388	Yes	0
LESA	1389	No	0
LESA	1390	Yes	0
LESA	1391	No	0
LESA	1392	Yes	0
LESA	1393	No	0
LESA	1394	No	0
LESA	1395	No	0
LESA	1396	No	0
LESA	1397	No	0
LESA	1398	no	0
LESA	1399	No	0
LESA	1400	Yes	0
LESA	1401	No	0
LESA	1402	Yes	0
LESA	1403	No	0
LESA	1404	No	0
LESA	1405	No	0
LESA	1406	No	0
LESA	1407	No	0
LESA	1408	no	0
LESA	1409	Yes	0
LESA	1410	Yes	0
LESA	1411	No	0
LESA	1412	No	0
LESA	1413	No	0
LESA	1414	Yes	0
LESA	1415	No	0
LESA	1416	No	0
LESA	1417	No	0
LESA	1418	Yes	0
LESA	1419	Yes	0
LESA	1420	No	0
LESA	1421	No	0
LESA	1422	No	0
LESA	1423	No	0
LESA	1424	No	0
LESA	1425	Yes	0
LESA	1426	No	0
LESA	1427	Yes	0
LESA	1428	No	0
LESA	1429	No	0
LESA	1430	Yes	0
LESA	1431	No	0
LESA	1432	No	0
LESA	1433	No	0
LESA	1434	Yes	0
LESA	1435	Yes	0
LESA	1436	No	0
LESA	1437	No	0
LESA	1438	No	0
LESA	1439	No	0
LESA	1440	Yes	0
LESA	1441	No	0
LESA	1442	No	0
LESA	1443	Yes	0
LESA	1444	Yes	0
LESA	1445	Yes	0
LESA	1446	Yes	0
LESA	1447	No	0
LESA	1448	Yes	0
LESA	1449	Yes	0
LESA	1450	No	0
LESA	1451	Yes	0
LESA	1452	no	0
LESA	1453	No	0
LESA	1454	No	0
LESA	1455	Yes	0
LESA	1456	Yes	0
LESA	1457	Yes	0
LESA	1458	Yes	0
LESA	1459	No	0
LESA	1460	No	0
LESA	1461	no	0
LESA	1462	Yes	0
LESA	1463	No	0
LESA	1464	No	0
LESA	1465	No	0
LESA	1466	No	0
LESA	1467	No	0
LESA	1468	No	0
LESA	1469	Yes	0
LESA	1470	No	0
LESA	1471	No	0
LESA	1472	Yes	0
LESA	1473	Yes	0
LESA	1474	No	0
LESA	1475	No	0
LESA	1476	No	0
LESA	1477	No	0
LESA	1478	No	0
LESA	1479	No	0
LESA	1480	Yes	0
LESA	1481	No	0
LESA	1482	No	0
LESA	1483	Yes	0
LESA	1484	No	0
LESA	1485	Yes	0
LESA	1486	No	0
LESA	1487	No	0
LESA	1488	Yes	0
LESA	1489	No	0
LESA	1490	No	0
LESA	1491	No	0
LESA	1492	No	0
LESA	1493	Yes	0
LESA	1494	No	0
LESA	1495	No	0
LESA	1496	No	0
LESA	1497	No	0
LESA	1498	No	0
LESA	1499	No	0
LESA	1500	Yes	0
LESA	1501	Yes	0
LESA	1502	Yes	0
LESA	1503	No	0
LESA	1504	Yes	0
LESA	1505	Yes	0
LESA	1506	No	0
LESA	1507	Yes	0
LESA	1508	No	0
LESA	1509	Yes	0
LESA	1510	Yes	0
LESA	1511	No	0
LESA	1512	No	0
LESA	1513	Yes	0
LESA	1514	No	0
LESA	1515	yes	0
LESA	1516	No	0
LESA	1517	Yes	0
LESA	1518	Yes	0
LESA	1519	No	0
LESA	1520	Yes	0
LESA	1521	Yes	0
LESA	1522	No	0
LESA	1523	No	0
LESA	1524	No	0
LESA	1525	Yes	0
LESA	1526	No	0
LESA	1527	Yes	0
LESA	1528	No	0
LESA	1529	No	0
LESA	1530	No	0
LESA	1531	Yes	0
LESA	1532	No	0
LESA	1533	Yes	0
LESA	1534	Yes	0
LESA	1535	No	0
LESA	1536	No	0
LESA	1537	No	0
LESA	1538	No	0
LESA	1539	No	0
LESA	1540	No	0
LESA	1541	Yes	0
LESA	1542	No	0
LESA	1543	Yes	0
LESA	1544	No	0
LESA	1545	No	0
LESA	1546	No	0
LESA	1547	No	0
LESA	1548	No	0
LESA	1549	No	0
LESA	1550	No	0
LESA	1551	Yes	0
LESA	1552	Yes	0
LESA	1553	Yes	0
LESA	1554	No	0
LESA	1555	No	0
LESA	1556	No	0
LESA	1557	No	0
LESA	1558	No	0
LESA	1559	No	0
LESA	1560	Yes	0
LESA	1561	Yes	0
LESA	1562	No	0
LESA	1563	Yes	0
LESA	1564	No	0
LESA	1565	No	0
LESA	1566	No	0
LESA	1567	No	0
LESA	1568	Yes	0
LESA	1569	No	0
LESA	1570	Yes	0
LESA	1571	No	0
LESA	1572	Yes	0
LESA	1573	Yes	0
LESA	1574	Yes	0
LESA	1575	Yes	0
LESA	1576	No	0
LESA	1577	Yes	0
LESA	1578	Yes	0
LESA	1579	No	0
LESA	1580	Yes	0
LESA	1581	Yes	0
LESA	1582	No	0
LESA	1583	Yes	0
LESA	1584	Yes	0
LESA	1585	No	0
LESA	1586	No	0
LESA	1587	No	0
LESA	1588	No	0
LESA	1589	No	0
LESA	1590	Yes	0
LESA	1591	No	0
LESA	1592	No	0
LESA	1593	No	0
LESA	1594	No	0
LESA	1595	Yes	0
LESA	1596	No	0
LESA	1597	no	0
LESA	1598	No	0
LESA	1599	No	0
LESA	1600	No	0
LESA	1601	Yes	0
LESA	1602	No	0
LESA	1603	No	0
LESA	1604	Yes	0
LESA	1605	Yes	0
LESA	1606	Yes	0
LESA	1607	No	0
LESA	1608	Yes	0
LESA	1609	No	0
LESA	1610	Yes	0
LESA	1611	No	0
LESA	1612	No	0
LESA	1613	No	0
LESA	1614	No	0
LESA	1615	Yes	0
LESA	1616	Yes	0
LESA	1617	Yes	0
LESA	1618	No	0
LESA	1619	No	0
LESA	1620	No	0
LESA	1621	No	0
LESA	1622	Yes	0
LESA	1623	No	0
LESA	1624	No	0
LESA	1625	No	0
LESA	1626	No	0
LESA	1627	No	0
LESA	1628	Yes	0
LESA	1629	No	0
LESA	1630	No	0
LESA	1631	No	0
LESA	1632	No	0
LESA	1633	No	0
LESA	1634	No	0
LESA	1635	No	0
LESA	1636	Yes	0
LESA	1637	No	0
LESA	1638	Yes	0
LESA	1639	no	0
LESA	1640	No	0
LESA	1641	No	0
LESA	1642	No	0
LESA	1643	Yes	0
LESA	1644	No	0
LESA	1645	Yes	0
LESA	1646	Yes	0
LESA	1647	No	0
LESA	1648	No	0
LESA	1649	No	0
LESA	1650	Yes	0
LESA	1651	Yes	0
LESA	1652	No	0
LESA	1653	No	0
LESA	1654	No	0
LESA	1655	No	0
LESA	1656	No	0
LESA	1657	No	0
LESA	1658	No	0
LESA	1659	Yes	0
LESA	1660	No	0
LESA	1661	Yes	0
LESA	1662	No	0
LESA	1663	no	0
LESA	1664	No	0
LESA	1665	No	0
LESA	1666	No	0
LESA	1667	No	0
LESA	1668	No	0
LESA	1669	No	0
LESA	1670	Yes	0
LESA	1671	Yes	0
LESA	1672	no	0
LESA	1673	Yes	0
LESA	1674	no	0
LESA	1675	No	0
LESA	1676	No	0
LESA	1677	No	0
LESA	1678	Yes	0
LESA	1679	Yes	0
LESA	1680	No	0
LESA	1681	No	0
LESA	1682	No	0
LESA	1683	No	0
LESA	1684	No	0
LESA	1685	Yes	0
LESA	1686	Yes	0
LESA	1687	Yes	0
LESA	1688	No	0
LESA	1689	No	0
LESA	1690	No	0
LESA	1691	No	0
LESA	1692	No	0
LESA	1693	No	0
LESA	1694	No	0
LESA	1695	No	0
LESA	1696	No	0
LESA	1697	No	0
LESA	1698	No	0
LESA	1699	Yes	0
LESA	1700	Yes	0
LESA	1701	No	0
LESA	1702	Yes	0
LESA	1703	No	0
LESA	1704	No	0
LESA	1705	Yes	0
LESA	1706	No	0
LESA	1707	Yes	0
LESA	1708	No	0
LESA	1709	Yes	0
LESA	1710	Yes	0
LESA	1711	No	0
LESA	1712	No	0
LESA	1713	No	0
LESA	1714	No	0
LESA	1715	No	0
LESA	1716	No	0
LESA	1717	No	0
LESA	1718	No	0
LESA	1719	Yes	0
LESA	1720	Yes	0
LESA	1721	No	0
LESA	1722	No	0
LESA	1723	No	0
LESA	1724	No	0
LESA	1725	Yes	0
LESA	1726	No	0
LESA	1727	No	0
LESA	1728	No	0
LESA	1729	Yes	0
LESA	1730	No	0
LESA	1731	No	0
LESA	1732	No	0
LESA	1733	Yes	0
LESA	1734	Yes	0
LESA	1735	Yes	0
LESA	1736	Yes	0
LESA	1737	No	0
LESA	1738	no	0
LESA	1739	Yes	0
LESA	1740	No	0
LESA	1741	Yes	0
LESA	1742	Yes	0
LESA	1743	Yes	0
LESA	1744	No	0
LESA	1745	No	0
LESA	1746	No	0
LESA	1747	No	0
LESA	1748	Yes	0
LESA	1749	No	0
LESA	1750	Yes	0
LESA	1751	No	0
LESA	1752	No	0
LESA	1753	No	0
LESA	1754	No	0
LESA	1755	No	0
LESA	1756	No	0
LESA	1757	No	0
LESA	1758	No	0
LESA	1759	No	0
LESA	1760	Yes	0
LESA	1761	No	0
LESA	1762	No	0
LESA	1763	No	0
LESA	1764	No	0
LESA	1765	No	0
LESA	1766	No	0
LESA	1767	No	0
LESA	1768	Yes	0
LESA	1769	No	0
LESA	1770	No	0
LESA	1771	No	0
LESA	1772	No	0
LESA	1773	Yes	0
LESA	1774	No	0
LESA	1775	No	0
LESA	1776	Yes	0
LESA	1777	No	0
LESA	1778	Yes	0
LESA	1779	Yes	0
LESA	1780	Yes	0
LESA	1781	Yes	0
LESA	1782	No	0
LESA	1783	No	0
LESA	1784	No	0
LESA	1785	No	0
LESA	1786	No	0
LESA	1787	No	0
LESA	1788	Yes	0
LESA	1789	Yes	0
LESA	1790	No	0
LESA	1791	Yes	0
LESA	1792	No	0
LESA	1793	Yes	0
LESA	1794	No	0
LESA	1795	Yes	0
LESA	1796	No	0
LESA	1797	No	0
LESA	1798	No	0
LESA	1799	Yes	0
LESA	1800	No	0
LESA	1801	No	0
LESA	1802	No	0
LESA	1803	No	0
LESA	1804	Yes	0
LESA	1805	No	0
LESA	1806	Yes	0
LESA	1807	No	0
LESA	1808	No	0
LESA	1809	No	0
LESA	1810	No	0
LESA	1811	Yes	0
LESA	1812	No	0
LESA	1813	No	0
LESA	1814	No	0
LESA	1815	No	0
LESA	1816	No	0
LESA	1817	no	0
LESA	1818	No	0
LESA	1819	No	0
LESA	1820	No	0
LESA	1821	No	0
LESA	1822	No	0
LESA	1823	No	0
LESA	1824	No	0
LESA	1825	No	0
LESA	1826	No	0
LESA	1827	No	0
LESA	1828	No	0
LESA	1829	No	0
LESA	1830	No	0
LESA	1831	no	0
LESA	1832	No	0
LESA	1833	No	0
LESA	1834	Yes	0
LESA	1835	No	0
LESA	1836	No	0
LESA	1837	No	0
LESA	1838	Yes	0
LESA	1839	Yes	0
LESA	1840	No	0
LESA	1841	Yes	0
LESA	1842	Yes	0
LESA	1843	No	0
LESA	1844	No	0
LESA	1845	Yes	0
LESA	1846	No	0
LESA	1847	No	0
LESA	1848	No	0
LESA	1849	Yes	0
LESA	1850	No	0
LESA	1851	no	0
LESA	1852	Yes	0
LESA	1853	No	0
LESA	1854	No	0
LESA	1855	Yes	0
LESA	1856	Yes	0
LESA	1857	Yes	0
LESA	1858	No	0
LESA	1859	No	0
LESA	1860	No	0
LESA	1861	Yes	0
LESA	1862	Yes	0
LESA	1863	No	0
LESA	1864	Yes	0
LESA	1865	No	0
LESA	1866	No	0
LESA	1867	Yes	0
LESA	1868	No	0
LESA	1869	No	0
LESA	1870	Yes	0
LESA	1871	No	0
LESA	1872	Yes	0
LESA	1873	Yes	0
LESA	1874	No	0
LESA	1875	No	0
LESA	1876	No	0
LESA	1877	No	0
LESA	1878	No	0
LESA	1879	Yes	0
LESA	1880	Yes	0
LESA	1881	Yes	0
LESA	1882	Yes	0
LESA	1883	No	0
LESA	1884	Yes	0
LESA	1885	No	0
LESA	1886	No	0
LESA	1887	No	0
LESA	1888	Yes	0
LESA	1889	No	0
LESA	1890	No	0
LESA	1891	No	0
LESA	1892	Yes	0
LESA	1893	Yes	0
LESA	1894	No	0
LESA	1895	No	0
LESA	1896	No	0
LESA	1897	No	0
LESA	1898	No	0
LESA	1899	No	0
LESA	1900	No	0
LESA	1901	Yes	0
LESA	1902	Yes	0
LESA	1903	No	0
LESA	1904	Yes	0
LESA	1905	No	0
LESA	1906	Yes	0
LESA	1907	Yes	0
LESA	1908	No	0
LESA	1909	No	0
LESA	1910	No	0
LESA	1911	No	0
LESA	1912	Yes	0
LESA	1913	No	0
LESA	1914	No	0
LESA	1915	No	0
LESA	1916	No	0
LESA	1917	No	0
LESA	1918	Yes	0
LESA	1919	No	0
LESA	1920	No	0
LESA	1921	No	0
LESA	1922	No	0
LESA	1923	No	0
LESA	1924	No	0
LESA	1925	No	0
LESA	1926	No	0
LESA	1927	Yes	0
LESA	1928	No	0
LESA	1929	No	0
LESA	1930	Yes	0
LESA	1931	No	0
LESA	1932	No	0
LESA	1933	Yes	0
LESA	1934	No	0
LESA	1935	No	0
LESA	1936	No	0
LESA	1937	No	0
LESA	1938	No	0
LESA	1939	No	0
LESA	1940	No	0
LESA	1941	Yes	0
LESA	1942	Yes	0
LESA	1943	Yes	0
LESA	1944	No	0
LESA	1945	No	0
LESA	1946	No	0
LESA	1947	Yes	0
LESA	1948	no	0
LESA	1949	No	0
LESA	1950	Yes	0
LESA	1951	Yes	0
LESA	1952	No	0
LESA	1953	No	0
LESA	1954	Yes	0
LESA	1955	Yes	0
LESA	1956	No	0
LESA	1957	No	0
LESA	1958	No	0
LESA	1959	Yes	0
LESA	1960	No	0
LESA	1961	Yes	0
LESA	1962	Yes	0
LESA	1963	Yes	0
LESA	1964	Yes	0
LESA	1965	Yes	0
LESA	1966	Yes	0
LESA	1967	No	0
LESA	1968	Yes	0
LESA	1969	No	0
LESA	1970	No	0
LESA	1971	No	0
LESA	1972	No	0
LESA	1973	No	0
LESA	1974	Yes	0
LESA	1975	No	0
LESA	1976	No	0
LESA	1977	Yes	0
LESA	1978	No	0
LESA	1979	No	0
LESA	1980	No	0
LESA	1981	Yes	0
LESA	1982	No	0
LESA	1983	Yes	0
LESA	1984	No	0
LESA	1985	No	0
LESA	1986	No	0
LESA	1987	No	0
LESA	1988	Yes	0
LESA	1989	No	0
LESA	1990	No	0
LESA	1991	No	0
LESA	1992	Yes	0
LESA	1993	No	0
LESA	1994	No	0
LESA	1995	No	0
LESA	1996	No	0
LESA	1997	No	0
LESA	1998	No	0
LESA	1999	Yes	0
LESA	2000	Yes	0
LESA	2001	Yes	0
LESA	2002	Yes	0
LESA	2003	No	0
LESA	2004	Yes	0
LESA	2005	No	0
LESA	2006	No	0
LESA	2007	No	0
LESA	2008	No	0
LESA	2009	No	0
LESA	2010	No	0
LESA	2011	No	0
LESA	2012	No	0
LESA	2013	No	0
LESA	2014	No	0
LESA	2015	No	0
LESA	2016	No	0
LESA	2017	No	0
LESA	2018	Yes	0
LESA	2019	No	0
LESA	2020	Yes	0
LESA	2021	No	0
LESA	2022	No	0
LESA	2023	No	0
LESA	2024	Yes	0
LESA	2025	No	0
LESA	2026	No	0
LESA	2027	Yes	0
LESA	2028	No	0
LESA	2029	No	0
LESA	2030	No	0
LESA	2031	No	0
LESA	2032	No	0
LESA	2033	No	0
LESA	2034	Yes	0
LESA	2035	No	0
LESA	2036	Yes	0
LESA	2037	No	0
LESA	2038	No	0
LESA	2039	Yes	0
LESA	2040	No	0
LESA	2041	No	0
LESA	2042	No	0
LESA	2043	Yes	0
LESA	2044	No	0
LESA	2045	No	0
LESA	2046	No	0
LESA	2047	No	0
LESA	2048	No	0
LESA	2049	No	0
LESA	2050	No	0
LESA	2051	No	0
LESA	2052	No	0
LESA	2053	No	0
LESA	2054	Yes	0
LESA	2055	Yes	0
LESA	2056	No	0
LESA	2057	No	0
LESA	2058	No	0
LESA	2059	No	0
LESA	2060	No	0
LESA	2061	Yes	0
LESA	2062	No	0
LESA	2063	no	0
LESA	2064	No	0
LESA	2065	No	0
LESA	2066	No	0
LESA	2067	Yes	0
LESA	2068	No	0
LESA	2069	No	0
LESA	2070	Yes	0
LESA	2071	No	0
LESA	2072	No	0
LESA	2073	No	0
LESA	2074	Yes	0
LESA	2075	No	0
LESA	2076	No	0
LESA	2077	No	0
LESA	2078	No	0
LESA	2079	No	0
LESA	2080	Yes	0
LESA	2081	No	0
LESA	2082	No	0
LESA	2083	Yes	0
LESA	2084	No	0
LESA	2085	No	0
LESA	2086	No	0
LESA	2087	No	0
LESA	2088	No	0
LESA	2089	Yes	0
LESA	2090	Yes	0
LESA	2091	No	0
LESA	2092	No	0
LESA	2093	Yes	0
LESA	2094	No	0
LESA	2095	No	0
LESA	2096	No	0
LESA	2097	No	0
LESA	2098	No	0
LESA	2099	No	0
LESA	2100	Yes	0
LESA	2101	Yes	0
LESA	2102	No	0
LESA	2103	No	0
LESA	2104	No	0
LESA	2105	No	0
LESA	2106	Yes	0
LESA	2107	No	0
LESA	2108	no	0
LESA	2109	Yes	0
LESA	2110	No	0
LESA	2111	No	0
LESA	2112	No	0
LESA	2113	no	0
LESA	2114	No	0
LESA	2115	No	0
LESA	2116	No	0
LESA	2117	No	0
LESA	2118	No	0
LESA	2119	Yes	0
LESA	2120	Yes	0
LESA	2121	No	0
LESA	2122	No	0
LESA	2123	Yes	0
LESA	2124	No	0
LESA	2125	Yes	0
LESA	2126	Yes	0
LESA	2127	No	0
LESA	2128	No	0
LESA	2129	No	0
LESA	2130	No	0
LESA	2131	Yes	0
LESA	2132	Yes	0
LESA	2133	No	0
LESA	2134	Yes	0
LESA	2135	No	0
LESA	2136	Yes	0
LESA	2137	no	0
LESA	2138	No	0
LESA	2139	No	0
LESA	2140	Yes	0
LESA	2141	Yes	0
LESA	2142	No	0
LESA	2143	No	0
LESA	2144	Yes	0
LESA	2145	Yes	0
LESA	2146	No	0
LESA	2147	Yes	0
